NOMBRE;CONTRASE—A
Javier Cantera Ramos;A0_GAEJL
Martin Ramos Arboleda;6uoZIuEO
Antonio Revuelta Ramos;%18Aw6EI
Alvaro Guttierez Mendez;EI—9@bI@
Juan Mendez Guttierez;m@fÒI0iX
Pablo Arboleda Revuelta;_##e3xIp
Martin Martin Arboleda;I6Apj6Ua
Martin Revuelta Guttierez;O99798eU
Luis Cantera Perez;OB3@acu—
Fernando Perez de la Mata;B_3_—4E-
Martin Garcia Garcia;5@Lu@E_—
Oscar Perez Mendez;ÒobZDE7—
Fernando Guttierez Guttierez;-HPotSe@
Javier Garcia Perez;oqo_H6uL
Pablo Perez Perez;AXqvXPV8
Juan Martin Revuelta;3-AFJkjE
Antonio Perez Perez;Y0U#@aJW
Luis Mendez Arboleda;_-#wh-7Ò
Martin Martin Ramos;f9lo7OMB
Javier Mendez Martin;ojihU7zÒ
Alvaro Cantera Perez;b@D1au@2
Luis Revuelta Ramos;A5otJwq@
Fernando Perez Revuelta;554Ak_IU
Fernando de la Mata Arboleda;pmIy0o#o
Oscar Mendez Cantera;IyQa#RO1
Luis Cantera Revuelta;-E2e5oaO
Alvaro de la Mata Mendez;O@%5G%_A
Javier Guttierez Revuelta;_ec-0URi
Antonio Guttierez Arboleda;-o-#E6-—
Antonio Martin Ramos;7IOABYk-
Juan de la Mata Martin;AP7i4v%@
Antonio Mendez de la Mata;#vue5qaq
Oscar Perez Cantera;I6XsMJEE
Pablo Garcia Mendez;yAGFOMU@
Pablo Garcia Cantera;4Z5_U%@M
Fernando Cantera Revuelta;eEuAHlEU
Oscar Mendez Revuelta;jSG%k@As
Fernando Martin Arboleda;%eHU0#lE
Oscar Cantera Guttierez;XoO30IEu
Oscar Ramos Garcia;-aÒJ0EzZ
Antonio Mendez Ramos;IPA-N#o6
Luis Arboleda Arboleda;Acuud8xn
Juan Arboleda Martin;jIrm#P68
Oscar Revuelta Arboleda;—ETEEvo7
Martin de la Mata Ramos;Ou@%KuMk
Fernando Revuelta Ramos;bÒÒN#u2x
Fernando Arboleda Martin;#lARIZDP
Alvaro Mendez Guttierez;EAA4#U5C
Javier Cantera Cantera;FAd0ucE5
Juan Mendez Arboleda;a5wEd9-u
Juan Martin Cantera;gaM9SIOu
Luis Revuelta de la Mata;nr0—2uIR
Fernando Revuelta Garcia;—Z%ml9nA
Oscar Mendez Cantera;io-ee0#k
Pablo Ramos Mendez;U#ua#6_%
Martin de la Mata Arboleda;8iiio-BQ
Oscar Perez de la Mata;-_%#Vhpa
Antonio Garcia Martin;a30jK#-8
Martin Cantera Cantera;FPaOEC73
Javier Perez Revuelta;7aI3EmiE
Oscar Arboleda Mendez;VvA-p—8D
Oscar de la Mata Martin;3am%BwPu
Javier Perez Garcia;9H%9UdaA
Pablo de la Mata Mendez;A5%mIO3y
Pablo de la Mata Martin;8Ia05QAc
Alvaro de la Mata Martin;oO%Qa02C
Pablo Perez Ramos;%hVEb_—@
Luis de la Mata Martin;J-8pT1Ae
Martin Mendez Mendez;iE%xio#s
Alvaro Ramos Guttierez;BRJPmODO
Javier Revuelta Ramos;m-AIoZI1
Juan Mendez Guttierez;@cNF__O4
Javier Ramos Martin;OOAj8PIb
Luis Arboleda Arboleda;L%i%PEg@
Martin Ramos Martin;#U%ii—oU
Alvaro Cantera Revuelta;%EaC98@R
Fernando de la Mata de la Mata;73o1ÒgoA
Pablo Garcia Mendez;ILquxeEs
Martin Martin Ramos;-E_nduD6
Luis de la Mata Perez;OOYooI_%
Oscar Guttierez Perez;ZAb_2AuY
Fernando de la Mata Martin;nU-Jik@0
Juan Martin Revuelta;-3Tiooe—
Juan Garcia de la Mata;oKA%8c9b
Alvaro Garcia Garcia;wX3uTAeq
Antonio Martin Arboleda;L0oi0o1A
Juan Garcia Garcia;-Uemeovb
Luis Martin Mendez;%CJT%euA
Alvaro Guttierez Ramos;QEpG7OEy
Fernando Ramos Cantera;an#51OeC
Luis Martin Ramos;OuIO1DWi
Juan Guttierez Arboleda;#SIBEUyU
Antonio Perez Guttierez;%A-4o@eK
Antonio Ramos Mendez;x%t—OEUf
Fernando Cantera Guttierez;5eE#H2vf
Javier Garcia Martin;%3dAEoJr
Pablo Revuelta Arboleda;I@A%OwsU
Alvaro Perez Perez;Ij1uIr6%
Pablo Cantera Cantera;ceeT7c9S
Javier Garcia Ramos;h#%O4n29
